{
  "version": 1,
  "author": "Rifqi",
  "editor": "wokwi",
  "parts": [
    { "type": "wokwi-arduino-uno", "id": "uno", "top": 96.6, "left": -77.4, "attrs": {} },
    {
      "type": "wokwi-resistor",
      "id": "r1",
      "top": 62.4,
      "left": 133.85,
      "rotate": 90,
      "attrs": { "value": "220" }
    },
    {
      "type": "wokwi-resistor",
      "id": "r2",
      "top": 62.4,
      "left": 57.05,
      "rotate": 90,
      "attrs": { "value": "220" }
    },
    {
      "type": "wokwi-resistor",
      "id": "r3",
      "top": 62.4,
      "left": 95.45,
      "rotate": 90,
      "attrs": { "value": "220" }
    },
    {
      "type": "wokwi-resistor",
      "id": "r4",
      "top": 62.4,
      "left": 18.65,
      "rotate": 90,
      "attrs": { "value": "220" }
    },
    {
      "type": "wokwi-resistor",
      "id": "r8",
      "top": 321.05,
      "left": 113.8,
      "rotate": 180,
      "attrs": { "value": "220" }
    },
    {
      "type": "wokwi-resistor",
      "id": "r9",
      "top": 311.45,
      "left": 17.8,
      "rotate": 180,
      "attrs": { "value": "220" }
    },
    {
      "type": "wokwi-resistor",
      "id": "r10",
      "top": 301.85,
      "left": 123.4,
      "rotate": 180,
      "attrs": { "value": "220" }
    },
    {
      "type": "wokwi-resistor",
      "id": "r11",
      "top": 62.4,
      "left": 85.85,
      "rotate": 90,
      "attrs": { "value": "220" }
    },
    {
      "type": "wokwi-resistor",
      "id": "r12",
      "top": 62.4,
      "left": 124.25,
      "rotate": 90,
      "attrs": { "value": "220" }
    },
    {
      "type": "wokwi-resistor",
      "id": "r13",
      "top": 62.4,
      "left": 105.05,
      "rotate": 90,
      "attrs": { "value": "220" }
    },
    {
      "type": "wokwi-resistor",
      "id": "r14",
      "top": 62.4,
      "left": 37.85,
      "rotate": 90,
      "attrs": { "value": "220" }
    },
    {
      "type": "wokwi-resistor",
      "id": "r15",
      "top": 62.4,
      "left": 114.65,
      "rotate": 90,
      "attrs": { "value": "220" }
    },
    {
      "type": "wokwi-resistor",
      "id": "r16",
      "top": 62.4,
      "left": 47.45,
      "rotate": 90,
      "attrs": { "value": "220" }
    },
    {
      "type": "wokwi-resistor",
      "id": "r17",
      "top": 62.4,
      "left": 28.25,
      "rotate": 90,
      "attrs": { "value": "220" }
    },
    {
      "type": "wokwi-resistor",
      "id": "r21",
      "top": 62.4,
      "left": 9.05,
      "rotate": 90,
      "attrs": { "value": "220" }
    },
    {
      "type": "wokwi-resistor",
      "id": "r23",
      "top": 62.4,
      "left": -10.15,
      "rotate": 90,
      "attrs": { "value": "220" }
    },
    {
      "type": "wokwi-7segment",
      "id": "sevseg1",
      "top": -14.22,
      "left": -100.52,
      "attrs": { "common": "cathode" }
    },
    {
      "type": "wokwi-7segment",
      "id": "sevseg2",
      "top": -14.22,
      "left": -148.52,
      "attrs": { "common": "cathode" }
    }
  ],
  "connections": [
    [ "r1:2", "uno:2", "magenta", [ "h0" ] ],
    [ "r12:2", "uno:3", "cyan", [ "h0" ] ],
    [ "r15:2", "uno:4", "purple", [ "h0" ] ],
    [ "r13:2", "uno:5", "white", [ "h0" ] ],
    [ "r3:2", "uno:6", "gold", [ "h0" ] ],
    [ "r11:2", "uno:7", "gray", [ "h0" ] ],
    [ "r2:2", "uno:8", "violet", [ "h0" ] ],
    [ "r16:2", "uno:9", "blue", [ "h0" ] ],
    [ "r14:2", "uno:10", "orange", [ "h0" ] ],
    [ "r17:2", "uno:11", "green", [ "h0" ] ],
    [ "r4:2", "uno:12", "#8f4814", [ "h0" ] ],
    [ "r21:2", "uno:13", "gold", [ "h0" ] ],
    [ "r23:2", "uno:GND.1", "black", [ "h0" ] ],
    [ "r1:1", "sevseg2:A", "magenta", [ "h0", "v-76.8", "h-278.4" ] ],
    [ "r12:1", "sevseg2:B", "cyan", [ "h0", "v-67.2", "h-259.2" ] ],
    [ "r15:1", "sevseg2:C", "purple", [ "h0", "v38.4", "h-259.2" ] ],
    [ "r13:1", "sevseg2:D", "white", [ "h0", "v28.8", "h-268.8" ] ],
    [ "r3:1", "sevseg2:E", "gold", [ "h0", "v19.2", "h-124.8", "v28.8", "h-144" ] ],
    [
      "r23:1",
      "sevseg2:COM.1",
      "black",
      [ "h0", "v-9.6", "h-28.8", "v19.2", "h-28.8", "v48", "h-86.4" ]
    ],
    [ "r11:1", "sevseg2:F", "gray", [ "h0", "v-57.6", "h-249.6" ] ],
    [ "r2:1", "sevseg2:G", "violet", [ "h0", "v-86.4", "h-240" ] ],
    [ "r16:1", "sevseg1:A", "blue", [ "h0", "v-96", "h-144" ] ],
    [ "r14:1", "sevseg1:B", "orange", [ "h0", "v-105.6", "h-124.8" ] ],
    [ "uno:A0", "r8:2", "yellow", [ "v9.5", "h-25" ] ],
    [ "r8:1", "sevseg1:F", "yellow", [ "v0", "h48", "v-403.2", "h-278.4" ] ],
    [ "uno:A1", "r10:2", "purple", [ "v19.1", "h-15.3" ] ],
    [ "r10:1", "sevseg1:G", "purple", [ "h19.2", "v-393.6", "h-297.6" ] ],
    [ "uno:GND.3", "r9:1", "black", [ "v0" ] ],
    [ "r9:2", "sevseg1:COM.1", "black", [ "v0", "h-94.8" ] ],
    [
      "r17:1",
      "sevseg1:C",
      "limegreen",
      [ "h0", "v-28.8", "h-67.2", "v48", "h-38.4", "v48", "h-19.2" ]
    ],
    [ "r21:1", "sevseg1:E", "gold", [ "h0", "v-38.4", "h-57.6", "v115.2", "h-76.8" ] ],
    [ "r4:1", "sevseg1:D", "#8f4814", [ "h0", "v-48", "h-76.8", "v115.2", "h-57.6" ] ]
  ],
  "dependencies": {}
}